id_empregado;primeiroNome;nomeMeio;ultimoNome;NameStyle;dataNascimento;Email;Telefone;Sexo;Departamento
1;Guy                                               ;R                                                 ;Gilbert                                           ;N;1981/11/12 00:00:00.000;guy1@adventure-works.com                          ;320-555-0195             ;M;Production                                        
2;Kevin                                             ;F                                                 ;Brown                                             ;N;1986/12/01 00:00:00.000;kevin0@adventure-works.com                        ;150-555-0189             ;M;Marketing                                         
3;Roberto                                           ;                                                  ;Tamburello                                        ;N;1974/06/12 00:00:00.000;roberto0@adventure-works.com                      ;212-555-0187             ;M;Engineering                                       
4;Rob                                               ;                                                  ;Walters                                           ;N;1974/07/23 00:00:00.000;rob0@adventure-works.com                          ;612-555-0100             ;M;Tool Design                                       
5;Rob                                               ;                                                  ;Walters                                           ;N;1974/07/23 00:00:00.000;rob0@adventure-works.com                          ;612-555-0100             ;M;Tool Design                                       
6;Thierry                                           ;B                                                 ;D'Hers                                            ;N;1959/02/26 00:00:00.000;thierry0@adventure-works.com                      ;168-555-0183             ;M;Tool Design                                       
7;David                                             ;M                                                 ;Bradley                                           ;N;1974/10/17 00:00:00.000;david0@adventure-works.com                        ;913-555-0172             ;M;Marketing                                         
8;David                                             ;M                                                 ;Bradley                                           ;N;1974/10/17 00:00:00.000;david0@adventure-works.com                        ;913-555-0172             ;M;Marketing                                         
9;JoLynn                                            ;M                                                 ;Dobney                                            ;N;1955/08/16 00:00:00.000;jolynn0@adventure-works.com                       ;903-555-0145             ;F;Production                                        
10;Ruth                                              ;Ann                                               ;Ellerbrock                                        ;N;1956/01/03 00:00:00.000;ruth0@adventure-works.com                         ;145-555-0130             ;F;Production                                        
11;Gail                                              ;A                                                 ;Erickson                                          ;N;1952/04/27 00:00:00.000;gail0@adventure-works.com                         ;849-555-0139             ;F;Engineering                                       
12;Barry                                             ;K                                                 ;Johnson                                           ;N;1955/10/25 00:00:00.000;barry0@adventure-works.com                        ;206-555-0180             ;M;Production                                        
13;Jossef                                            ;H                                                 ;Goldberg                                          ;N;1958/10/09 00:00:00.000;jossef0@adventure-works.com                       ;122-555-0189             ;M;Engineering                                       
14;Terri                                             ;Lee                                               ;Duffy                                             ;N;1971/03/01 00:00:00.000;terri0@adventure-works.com                        ;819-555-0175             ;F;Engineering                                       
15;Sidney                                            ;M                                                 ;Higa                                              ;N;1956/03/30 00:00:00.000;sidney0@adventure-works.com                       ;424-555-0189             ;M;Production                                        
16;Taylor                                            ;R                                                 ;Maxwell                                           ;N;1955/10/31 00:00:00.000;taylor0@adventure-works.com                       ;508-555-0165             ;M;Production                                        
17;Jeffrey                                           ;L                                                 ;Ford                                              ;N;1956/02/09 00:00:00.000;jeffrey0@adventure-works.com                      ;984-555-0185             ;M;Production                                        
18;Jo                                                ;A                                                 ;Brown                                             ;N;1956/05/08 00:00:00.000;jo0@adventure-works.com                           ;632-555-0129             ;F;Production                                        
19;Doris                                             ;M                                                 ;Hartwig                                           ;N;1955/11/03 00:00:00.000;doris0@adventure-works.com                        ;328-555-0150             ;F;Production                                        
20;John                                              ;T                                                 ;Campbell                                          ;N;1956/03/07 00:00:00.000;john0@adventure-works.com                         ;435-555-0113             ;M;Production                                        
21;Diane                                             ;R                                                 ;Glimp                                             ;N;1955/10/28 00:00:00.000;diane0@adventure-works.com                        ;202-555-0151             ;F;Production                                        
22;Steven                                            ;T                                                 ;Selikoff                                          ;N;1976/12/12 00:00:00.000;steven0@adventure-works.com                       ;925-555-0114             ;M;Production                                        
23;Peter                                             ;J                                                 ;Krebs                                             ;N;1982/06/03 00:00:00.000;peter0@adventure-works.com                        ;913-555-0196             ;M;Production Control                                
24;Stuart                                            ;V                                                 ;Munson                                            ;N;1962/04/13 00:00:00.000;stuart0@adventure-works.com                       ;413-555-0136             ;M;Production                                        
25;Greg                                              ;F                                                 ;Alderson                                          ;N;1975/11/15 00:00:00.000;greg0@adventure-works.com                         ;332-555-0150             ;M;Production                                        
26;David                                             ;N                                                 ;Johnson                                           ;N;1979/06/02 00:00:00.000;david1@adventure-works.com                        ;166-555-0162             ;M;Production                                        
27;Zheng                                             ;W                                                 ;Mu                                                ;N;1983/05/26 00:00:00.000;zheng0@adventure-works.com                        ;113-555-0173             ;M;Production                                        
28;Ivo                                               ;William                                           ;Salmre                                            ;N;1981/08/03 00:00:00.000;ivo0@adventure-works.com                          ;115-555-0179             ;M;Production                                        
29;Paul                                              ;B                                                 ;Komosinski                                        ;N;1980/06/13 00:00:00.000;paul0@adventure-works.com                         ;147-555-0160             ;M;Production                                        
30;Ashvini                                           ;R                                                 ;Sharma                                            ;N;1976/10/25 00:00:00.000;ashvini0@adventure-works.com                      ;656-555-0119             ;M;Information Services                              
31;Kendall                                           ;C                                                 ;Keil                                              ;N;1985/12/28 00:00:00.000;kendall0@adventure-works.com                      ;138-555-0128             ;M;Production                                        
32;Paula                                             ;M                                                 ;Barreto de Mattos                                 ;N;1975/09/11 00:00:00.000;paula0@adventure-works.com                        ;523-555-0175             ;F;Human Resources                                   
33;Alejandro                                         ;E                                                 ;McGuel                                            ;N;1988/07/05 00:00:00.000;alejandro0@adventure-works.com                    ;668-555-0130             ;M;Production                                        
34;Garrett                                           ;R                                                 ;Young                                             ;N;1984/03/25 00:00:00.000;garrett0@adventure-works.com                      ;609-555-0179             ;M;Production                                        
35;Jian Shuo                                         ;                                                  ;Wang                                              ;N;1983/02/24 00:00:00.000;jianshuo0@adventure-works.com                     ;952-555-0178             ;M;Production                                        
36;Susan                                             ;W                                                 ;Eaton                                             ;N;1977/09/17 00:00:00.000;susan0@adventure-works.com                        ;943-555-0196             ;F;Shipping and Receiving                            
37;Vamsi                                             ;N                                                 ;Kuppa                                             ;N;1976/10/16 00:00:00.000;vamsi0@adventure-works.com                        ;937-555-0137             ;M;Shipping and Receiving                            
38;Alice                                             ;O                                                 ;Ciccu                                             ;N;1977/08/26 00:00:00.000;alice0@adventure-works.com                        ;333-555-0173             ;F;Production                                        
39;Simon                                             ;D                                                 ;Rapier                                            ;N;1989/12/15 00:00:00.000;simon0@adventure-works.com                        ;963-555-0134             ;M;Production                                        
40;Jinghao                                           ;K                                                 ;Liu                                               ;N;1988/09/05 00:00:00.000;jinghao0@adventure-works.com                      ;794-555-0159             ;M;Production                                        
41;Michael                                           ;T                                                 ;Hines                                             ;N;1989/12/15 00:00:00.000;michael0@adventure-works.com                      ;218-555-0126             ;M;Production                                        
42;Yvonne                                            ;S                                                 ;McKay                                             ;N;1988/11/13 00:00:00.000;yvonne0@adventure-works.com                       ;286-555-0189             ;F;Production                                        
43;Peng                                              ;J                                                 ;Wu                                                ;N;1975/10/17 00:00:00.000;peng0@adventure-works.com                         ;164-555-0164             ;M;Quality Assurance                                 
44;Jean                                              ;E                                                 ;Trenary                                           ;N;1975/07/13 00:00:00.000;jean0@adventure-works.com                         ;685-555-0120             ;F;Information Services                              
45;Russell                                           ;                                                  ;Hunter                                            ;N;1972/06/25 00:00:00.000;russell0@adventure-works.com                      ;786-555-0144             ;M;Production                                        
46;A. Scott                                          ;                                                  ;Wright                                            ;N;1968/04/17 00:00:00.000;ascott0@adventure-works.com                       ;992-555-0194             ;M;Production Control                                
47;Fred                                              ;T                                                 ;Northup                                           ;N;1989/01/23 00:00:00.000;fred0@adventure-works.com                         ;818-555-0192             ;M;Production                                        
48;Sariya                                            ;E                                                 ;Harnpadoungsataya                                 ;N;1986/12/19 00:00:00.000;sariya0@adventure-works.com                       ;399-555-0176             ;M;Marketing                                         
49;Willis                                            ;T                                                 ;Johnson                                           ;N;1978/02/15 00:00:00.000;willis0@adventure-works.com                       ;778-555-0141             ;M;Human Resources                                   
50;Jun                                               ;T                                                 ;Cao                                               ;N;1979/02/03 00:00:00.000;jun0@adventure-works.com                          ;299-555-0113             ;M;Production                                        
51;Christian                                         ;E                                                 ;Kleinerman                                        ;N;1975/08/18 00:00:00.000;christian0@adventure-works.com                    ;846-555-0157             ;M;Facilities and Maintenance                        
52;Susan                                             ;A                                                 ;Metters                                           ;N;1982/10/31 00:00:00.000;susan1@adventure-works.com                        ;639-555-0164             ;F;Production                                        
53;Reuben                                            ;H                                                 ;D'sa                                              ;N;1987/03/27 00:00:00.000;reuben0@adventure-works.com                       ;191-555-0112             ;M;Production                                        
54;Kirk                                              ;J                                                 ;Koenigsbauer                                      ;N;1984/09/06 00:00:00.000;kirk0@adventure-works.com                         ;669-555-0150             ;M;Production                                        
55;David                                             ;J                                                 ;Ortiz                                             ;N;1984/07/29 00:00:00.000;david2@adventure-works.com                        ;712-555-0119             ;M;Production                                        
56;Tengiz                                            ;N                                                 ;Kharatishvili                                     ;N;1989/11/26 00:00:00.000;tengiz0@adventure-works.com                       ;910-555-0116             ;M;Document Control                                  
57;Hanying                                           ;P                                                 ;Feng                                              ;N;1974/05/16 00:00:00.000;hanying0@adventure-works.com                      ;319-555-0139             ;M;Production                                        
58;Kevin                                             ;H                                                 ;Liu                                               ;N;1985/07/25 00:00:00.000;kevin1@adventure-works.com                        ;714-555-0138             ;M;Production                                        
59;Annik                                             ;O                                                 ;Stahl                                             ;N;1976/07/26 00:00:00.000;annik0@adventure-works.com                        ;499-555-0125             ;M;Production                                        
60;Suroor                                            ;R                                                 ;Fatima                                            ;N;1977/09/25 00:00:00.000;suroor0@adventure-works.com                       ;932-555-0161             ;M;Production                                        
61;Deborah                                           ;E                                                 ;Poe                                               ;N;1975/10/05 00:00:00.000;deborah0@adventure-works.com                      ;602-555-0194             ;F;Finance                                           
62;Jim                                               ;H                                                 ;Scardelis                                         ;N;1986/04/08 00:00:00.000;jim0@adventure-works.com                          ;679-555-0113             ;M;Production                                        
63;Carole                                            ;M                                                 ;Poland                                            ;N;1983/05/19 00:00:00.000;carole0@adventure-works.com                       ;688-555-0192             ;F;Production                                        
64;George                                            ;Z                                                 ;Li                                                ;N;1976/11/14 00:00:00.000;george0@adventure-works.com                       ;518-555-0199             ;M;Production                                        
65;Gary                                              ;W                                                 ;Yukish                                            ;N;1987/12/15 00:00:00.000;gary0@adventure-works.com                         ;901-555-0125             ;M;Production                                        
66;Cristian                                          ;K                                                 ;Petculescu                                        ;N;1983/11/10 00:00:00.000;cristian0@adventure-works.com                     ;434-555-0133             ;M;Production                                        
67;Raymond                                           ;K                                                 ;Sam                                               ;N;1966/09/30 00:00:00.000;raymond0@adventure-works.com                      ;226-555-0197             ;M;Production                                        
68;Janaina                                           ;Barreiro Gambaro                                  ;Bueno                                             ;N;1984/08/30 00:00:00.000;janaina0@adventure-works.com                      ;623-555-0155             ;F;Information Services                              
69;Bob                                               ;N                                                 ;Hohman                                            ;N;1979/03/16 00:00:00.000;bob0@adventure-works.com                          ;611-555-0116             ;M;Production                                        
70;Shammi                                            ;G                                                 ;Mohamed                                           ;N;1980/05/04 00:00:00.000;shammi0@adventure-works.com                       ;793-555-0179             ;M;Production                                        
71;Linda                                             ;K                                                 ;Moschell                                          ;N;1987/02/14 00:00:00.000;linda0@adventure-works.com                        ;612-555-0171             ;F;Production                                        
72;Mindy                                             ;C                                                 ;Martin                                            ;N;1984/06/20 00:00:00.000;mindy0@adventure-works.com                        ;522-555-0147             ;F;Human Resources                                   
73;Wendy                                             ;Beth                                              ;Kahn                                              ;N;1984/05/11 00:00:00.000;wendy0@adventure-works.com                        ;248-555-0134             ;F;Finance                                           
74;Kim                                               ;T                                                 ;Ralls                                             ;N;1983/11/29 00:00:00.000;kim0@adventure-works.com                          ;309-555-0129             ;F;Shipping and Receiving                            
75;Sandra                                            ;                                                  ;Reátegui Alayo                                    ;N;1975/06/05 00:00:00.000;sandra0@adventure-works.com                       ;896-555-0168             ;F;Production                                        
76;Kok-Ho                                            ;T                                                 ;Loh                                               ;N;1979/11/27 00:00:00.000;kok-ho0@adventure-works.com                       ;999-555-0155             ;M;Production                                        
77;Douglas                                           ;B                                                 ;Hite                                              ;N;1985/06/24 00:00:00.000;douglas0@adventure-works.com                      ;808-555-0172             ;M;Production                                        
78;James                                             ;D                                                 ;Kramer                                            ;N;1984/02/23 00:00:00.000;james0@adventure-works.com                        ;119-555-0117             ;M;Production                                        
79;Sean                                              ;P                                                 ;Alexander                                         ;N;1975/10/05 00:00:00.000;sean0@adventure-works.com                         ;420-555-0173             ;M;Quality Assurance                                 
80;Nitin                                             ;S                                                 ;Mirchandani                                       ;N;1986/07/01 00:00:00.000;nitin0@adventure-works.com                        ;143-555-0173             ;M;Production                                        
81;Diane                                             ;L                                                 ;Margheim                                          ;N;1986/01/03 00:00:00.000;diane1@adventure-works.com                        ;815-555-0138             ;F;Research and Development                          
82;Rebecca                                           ;A                                                 ;Laszlo                                            ;N;1988/02/04 00:00:00.000;rebecca0@adventure-works.com                      ;314-555-0113             ;F;Production                                        
83;Rajesh                                            ;M                                                 ;Patel                                             ;N;1977/05/04 00:00:00.000;rajesh0@adventure-works.com                       ;373-555-0137             ;M;Production                                        
84;Vidur                                             ;X                                                 ;Luthra                                            ;N;1984/03/01 00:00:00.000;vidur0@adventure-works.com                        ;153-555-0186             ;M;Human Resources                                   
85;John                                              ;P                                                 ;Evans                                             ;N;1977/12/29 00:00:00.000;john1@adventure-works.com                         ;172-555-0130             ;M;Production                                        
86;Nancy                                             ;A                                                 ;Anderson                                          ;N;1988/06/19 00:00:00.000;nancy0@adventure-works.com                        ;970-555-0118             ;F;Production                                        
87;Pilar                                             ;G                                                 ;Ackerman                                          ;N;1972/04/09 00:00:00.000;pilar0@adventure-works.com                        ;577-555-0185             ;M;Shipping and Receiving                            
88;David                                             ;A                                                 ;Yalovsky                                          ;N;1981/03/03 00:00:00.000;david3@adventure-works.com                        ;373-555-0142             ;M;Production                                        
89;David                                             ;P                                                 ;Hamilton                                          ;N;1983/01/30 00:00:00.000;david4@adventure-works.com                        ;986-555-0177             ;M;Production                                        
90;Laura                                             ;C                                                 ;Steele                                            ;N;1980/07/25 00:00:00.000;laura0@adventure-works.com                        ;777-555-0141             ;F;Production                                        
91;Margie                                            ;W                                                 ;Shoop                                             ;N;1985/12/18 00:00:00.000;margie0@adventure-works.com                       ;818-555-0128             ;F;Production                                        
92;Zainal                                            ;T                                                 ;Arifin                                            ;N;1975/08/30 00:00:00.000;zainal0@adventure-works.com                       ;204-555-0115             ;M;Document Control                                  
93;Lorraine                                          ;O                                                 ;Nay                                               ;N;1988/06/26 00:00:00.000;lorraine0@adventure-works.com                     ;845-555-0184             ;F;Production                                        
94;Fadi                                              ;K                                                 ;Fakhouri                                          ;N;1988/09/15 00:00:00.000;fadi0@adventure-works.com                         ;935-555-0116             ;M;Production                                        
95;Ryan                                              ;L                                                 ;Cornelsen                                         ;N;1972/01/12 00:00:00.000;ryan0@adventure-works.com                         ;208-555-0114             ;M;Production                                        
96;Candy                                             ;L                                                 ;Spoon                                             ;N;1975/09/23 00:00:00.000;candy0@adventure-works.com                        ;920-555-0177             ;F;Finance                                           
97;Nuan                                              ;                                                  ;Yu                                                ;N;1978/10/27 00:00:00.000;nuan0@adventure-works.com                         ;913-555-0184             ;M;Production                                        
98;William                                           ;S                                                 ;Vong                                              ;N;1981/06/06 00:00:00.000;william0@adventure-works.com                      ;148-555-0145             ;M;Production Control                                
99;William                                           ;S                                                 ;Vong                                              ;N;1981/06/06 00:00:00.000;william0@adventure-works.com                      ;148-555-0145             ;M;Production Control                                
100;Bjorn                                             ;M                                                 ;Rettig                                            ;N;1989/06/06 00:00:00.000;bjorn0@adventure-works.com                        ;199-555-0117             ;M;Production                                        
101;Scott                                             ;R                                                 ;Gode                                              ;N;1986/09/10 00:00:00.000;scott0@adventure-works.com                        ;391-555-0138             ;M;Production                                        
102;Michael                                           ;L                                                 ;Rothkugel                                         ;N;1990/08/04 00:00:00.000;michael1@adventure-works.com                      ;454-555-0119             ;M;Production                                        
103;Lane                                              ;M                                                 ;Sacksteder                                        ;N;1974/04/23 00:00:00.000;lane0@adventure-works.com                         ;200-555-0117             ;M;Production                                        
104;Pete                                              ;C                                                 ;Male                                              ;N;1976/09/03 00:00:00.000;pete0@adventure-works.com                         ;768-555-0123             ;M;Production                                        
105;Dan                                               ;K                                                 ;Bacon                                             ;N;1981/01/24 00:00:00.000;dan0@adventure-works.com                          ;166-555-0159             ;M;Information Services                              
106;David                                             ;M                                                 ;Barber                                            ;N;1964/01/20 00:00:00.000;david5@adventure-works.com                        ;477-555-0132             ;M;Finance                                           
107;Lolan                                             ;B                                                 ;Song                                              ;N;1972/08/24 00:00:00.000;lolan0@adventure-works.com                        ;582-555-0178             ;M;Production                                        
108;Paula                                             ;R                                                 ;Nartker                                           ;N;1986/09/10 00:00:00.000;paula1@adventure-works.com                        ;476-555-0119             ;F;Production                                        
109;Mary                                              ;E                                                 ;Gibson                                            ;N;1962/04/13 00:00:00.000;mary0@adventure-works.com                         ;531-555-0183             ;F;Marketing                                         
110;Mindaugas                                         ;J                                                 ;Krapauskas                                        ;N;1977/12/05 00:00:00.000;mindaugas0@adventure-works.com                    ;637-555-0120             ;M;Production                                        
111;Eric                                              ;                                                  ;Gubbels                                           ;N;1984/08/19 00:00:00.000;eric0@adventure-works.com                         ;260-555-0119             ;M;Production                                        
112;Ken                                               ;J                                                 ;Sánchez                                           ;N;1968/08/29 00:00:00.000;ken0@adventure-works.com                          ;697-555-0142             ;M;Executive                                         
113;Jason                                             ;M                                                 ;Watters                                           ;N;1988/07/07 00:00:00.000;jason0@adventure-works.com                        ;571-555-0179             ;M;Production                                        
114;Mark                                              ;L                                                 ;Harrington                                        ;N;1985/11/28 00:00:00.000;mark0@adventure-works.com                         ;147-555-0179             ;M;Quality Assurance                                 
115;Janeth                                            ;M                                                 ;Esteves                                           ;N;1972/02/22 00:00:00.000;janeth0@adventure-works.com                       ;540-555-0191             ;F;Production                                        
116;Marc                                              ;J                                                 ;Ingle                                             ;N;1986/05/24 00:00:00.000;marc0@adventure-works.com                         ;234-555-0169             ;M;Production                                        
117;Gigi                                              ;N                                                 ;Matthew                                           ;N;1978/08/21 00:00:00.000;gigi0@adventure-works.com                         ;185-555-0186             ;F;Research and Development                          
118;Paul                                              ;R                                                 ;Singh                                             ;N;1990/06/04 00:00:00.000;paul1@adventure-works.com                         ;727-555-0112             ;M;Production                                        
119;Frank                                             ;T                                                 ;Lee                                               ;N;1987/04/06 00:00:00.000;frank0@adventure-works.com                        ;158-555-0191             ;M;Production                                        
120;François                                          ;P                                                 ;Ajenstat                                          ;N;1980/06/13 00:00:00.000;françois0@adventure-works.com                     ;785-555-0110             ;M;Information Services                              
121;Diane                                             ;H                                                 ;Tibbott                                           ;N;1989/03/09 00:00:00.000;diane2@adventure-works.com                        ;361-555-0180             ;F;Production                                        
122;Jill                                              ;A                                                 ;Williams                                          ;N;1979/01/16 00:00:00.000;jill0@adventure-works.com                         ;510-555-0121             ;F;Marketing                                         
123;Angela                                            ;W                                                 ;Barbariol                                         ;N;1990/12/29 00:00:00.000;angela0@adventure-works.com                       ;150-555-0194             ;F;Production                                        
124;Matthias                                          ;T                                                 ;Berndt                                            ;N;1973/06/11 00:00:00.000;matthias0@adventure-works.com                     ;139-555-0120             ;M;Shipping and Receiving                            
125;Bryan                                             ;                                                  ;Baker                                             ;N;1973/03/27 00:00:00.000;bryan0@adventure-works.com                        ;712-555-0113             ;M;Production                                        
126;Jeff                                              ;V                                                 ;Hay                                               ;N;1976/08/15 00:00:00.000;jeff0@adventure-works.com                         ;350-555-0167             ;M;Production                                        
127;Eugene                                            ;R                                                 ;Zabokritski                                       ;N;1987/02/12 00:00:00.000;eugene0@adventure-works.com                       ;241-555-0191             ;M;Production                                        
128;Barbara                                           ;S                                                 ;Decker                                            ;N;1984/07/29 00:00:00.000;barbara0@adventure-works.com                      ;119-555-0192             ;F;Production                                        
129;Chris                                             ;T                                                 ;Preston                                           ;N;1988/07/16 00:00:00.000;chris0@adventure-works.com                        ;200-555-0112             ;M;Production                                        
130;Sean                                              ;N                                                 ;Chai                                              ;N;1986/10/10 00:00:00.000;sean1@adventure-works.com                         ;205-555-0132             ;M;Document Control                                  
131;Dan                                               ;B                                                 ;Wilson                                            ;N;1975/08/06 00:00:00.000;dan1@adventure-works.com                          ;653-555-0144             ;M;Information Services                              
132;Mark                                              ;K                                                 ;McArthur                                          ;N;1979/04/25 00:00:00.000;mark1@adventure-works.com                         ;417-555-0154             ;M;Production                                        
133;Bryan                                             ;A                                                 ;Walton                                            ;N;1984/04/20 00:00:00.000;bryan1@adventure-works.com                        ;935-555-0199             ;M;Finance                                           
134;Houman                                            ;N                                                 ;Pournasseh                                        ;N;1971/03/30 00:00:00.000;houman0@adventure-works.com                       ;180-555-0136             ;M;Production                                        
135;Sairaj                                            ;L                                                 ;Uddin                                             ;N;1987/07/22 00:00:00.000;sairaj0@adventure-works.com                       ;500-555-0159             ;M;Production Control                                
136;Michiko                                           ;F                                                 ;Osada                                             ;N;1982/01/25 00:00:00.000;michiko0@adventure-works.com                      ;984-555-0148             ;M;Production                                        
137;Benjamin                                          ;R                                                 ;Martin                                            ;N;1985/08/05 00:00:00.000;benjamin0@adventure-works.com                     ;533-555-0111             ;M;Production                                        
138;Cynthia                                           ;S                                                 ;Randall                                           ;N;1981/03/18 00:00:00.000;cynthia0@adventure-works.com                      ;352-555-0138             ;F;Production                                        
139;Kathie                                            ;E                                                 ;Flood                                             ;N;1990/06/01 00:00:00.000;kathie0@adventure-works.com                       ;446-555-0118             ;F;Production                                        
140;Britta                                            ;L                                                 ;Simon                                             ;N;1989/04/28 00:00:00.000;britta0@adventure-works.com                       ;955-555-0169             ;F;Production                                        
141;Brian                                             ;T                                                 ;Lloyd                                             ;N;1976/09/10 00:00:00.000;brian0@adventure-works.com                        ;110-555-0182             ;M;Production                                        
142;David                                             ;J                                                 ;Liu                                               ;N;1983/02/05 00:00:00.000;david6@adventure-works.com                        ;646-555-0185             ;M;Finance                                           
143;Laura                                             ;F                                                 ;Norman                                            ;N;1975/08/06 00:00:00.000;laura1@adventure-works.com                        ;615-555-0110             ;F;Executive                                         
144;Laura                                             ;F                                                 ;Norman                                            ;N;1975/08/06 00:00:00.000;laura1@adventure-works.com                        ;615-555-0110             ;F;Executive                                         
145;Michael                                           ;W                                                 ;Patten                                            ;N;1973/12/01 00:00:00.000;michael2@adventure-works.com                      ;441-555-0195             ;M;Production                                        
146;Andy                                              ;M                                                 ;Ruth                                              ;N;1983/05/20 00:00:00.000;andy0@adventure-works.com                         ;118-555-0110             ;M;Production                                        
147;Yuhong                                            ;L                                                 ;Li                                                ;N;1976/11/04 00:00:00.000;yuhong0@adventure-works.com                       ;965-555-0155             ;M;Production                                        
148;Robert                                            ;J                                                 ;Rounthwaite                                       ;N;1984/09/28 00:00:00.000;robert0@adventure-works.com                       ;589-555-0147             ;M;Production                                        
149;Andreas                                           ;T                                                 ;Berglund                                          ;N;1988/10/26 00:00:00.000;andreas0@adventure-works.com                      ;181-555-0124             ;M;Quality Assurance                                 
150;Reed                                              ;T                                                 ;Koch                                              ;N;1988/08/08 00:00:00.000;reed0@adventure-works.com                         ;678-555-0110             ;M;Production                                        
151;Linda                                             ;A                                                 ;Randall                                           ;N;1977/05/05 00:00:00.000;linda1@adventure-works.com                        ;696-555-0157             ;F;Production                                        
152;James                                             ;R                                                 ;Hamilton                                          ;N;1988/02/04 00:00:00.000;james1@adventure-works.com                        ;870-555-0122             ;M;Production                                        
153;Ramesh                                            ;V                                                 ;Meyyappan                                         ;N;1987/10/12 00:00:00.000;ramesh0@adventure-works.com                       ;182-555-0134             ;M;Information Services                              
154;Stephanie                                         ;A                                                 ;Conroy                                            ;N;1983/10/24 00:00:00.000;stephanie0@adventure-works.com                    ;594-555-0110             ;F;Information Services                              
155;Samantha                                          ;H                                                 ;Smith                                             ;N;1987/06/22 00:00:00.000;samantha0@adventure-works.com                     ;587-555-0114             ;F;Production                                        
156;Tawana                                            ;G                                                 ;Nusbaum                                           ;N;1989/06/10 00:00:00.000;tawana0@adventure-works.com                       ;368-555-0113             ;M;Production                                        
157;Denise                                            ;H                                                 ;Smith                                             ;N;1988/02/04 00:00:00.000;denise0@adventure-works.com                       ;869-555-0119             ;F;Production                                        
158;Hao                                               ;O                                                 ;Chen                                              ;N;1976/11/15 00:00:00.000;hao0@adventure-works.com                          ;806-555-0136             ;M;Human Resources                                   
159;Alex                                              ;M                                                 ;Nayberg                                           ;N;1989/11/11 00:00:00.000;alex0@adventure-works.com                         ;819-555-0198             ;M;Production                                        
160;Eugene                                            ;O                                                 ;Kogan                                             ;N;1975/09/10 00:00:00.000;eugene1@adventure-works.com                       ;173-555-0179             ;M;Production                                        
161;Brandon                                           ;G                                                 ;Heidepriem                                        ;N;1976/08/10 00:00:00.000;brandon0@adventure-works.com                      ;429-555-0137             ;M;Production                                        
162;Dylan                                             ;A                                                 ;Miller                                            ;N;1986/09/24 00:00:00.000;dylan0@adventure-works.com                        ;181-555-0156             ;M;Research and Development                          
163;Shane                                             ;S                                                 ;Kim                                               ;N;1989/12/22 00:00:00.000;shane0@adventure-works.com                        ;810-555-0178             ;M;Production                                        
164;John                                              ;Y                                                 ;Chen                                              ;N;1985/11/03 00:00:00.000;john2@adventure-works.com                         ;201-555-0163             ;M;Production                                        
165;Karen                                             ;R                                                 ;Berge                                             ;N;1975/07/25 00:00:00.000;karen0@adventure-works.com                        ;746-555-0164             ;F;Document Control                                  
166;Jose                                              ;R                                                 ;Lugo                                              ;N;1984/02/29 00:00:00.000;jose0@adventure-works.com                         ;587-555-0115             ;M;Production                                        
167;Mandar                                            ;H                                                 ;Samant                                            ;N;1985/10/19 00:00:00.000;mandar0@adventure-works.com                       ;140-555-0132             ;M;Production                                        
168;Mikael                                            ;Q                                                 ;Sandberg                                          ;N;1984/03/17 00:00:00.000;mikael0@adventure-works.com                       ;309-555-0170             ;M;Purchasing                                        
169;Sameer                                            ;A                                                 ;Tejani                                            ;N;1978/01/24 00:00:00.000;sameer0@adventure-works.com                       ;990-555-0172             ;M;Production                                        
170;Dragan                                            ;K                                                 ;Tomic                                             ;N;1976/09/14 00:00:00.000;dragan0@adventure-works.com                       ;117-555-0185             ;M;Finance                                           
171;Carol                                             ;M                                                 ;Philips                                           ;N;1988/05/17 00:00:00.000;carol0@adventure-works.com                        ;609-555-0153             ;F;Production                                        
172;Rob                                               ;T                                                 ;Caron                                             ;N;1973/03/04 00:00:00.000;rob1@adventure-works.com                          ;238-555-0116             ;M;Production                                        
173;Don                                               ;L                                                 ;Hall                                              ;N;1971/01/11 00:00:00.000;don0@adventure-works.com                          ;100-555-0174             ;M;Production                                        
174;Alan                                              ;J                                                 ;Brewer                                            ;N;1983/10/28 00:00:00.000;alan0@adventure-works.com                         ;438-555-0172             ;M;Production Control                                
175;David                                             ;Oliver                                            ;Lawrence                                          ;N;1985/04/23 00:00:00.000;david7@adventure-works.com                        ;118-555-0177             ;M;Production                                        
176;Baris                                             ;F                                                 ;Cetinok                                           ;N;1990/05/07 00:00:00.000;baris0@adventure-works.com                        ;164-555-0114             ;M;Production                                        
177;Michael                                           ;Sean                                              ;Ray                                               ;N;1988/08/29 00:00:00.000;michael3@adventure-works.com                      ;156-555-0199             ;M;Production                                        
178;Steve                                             ;F                                                 ;Masters                                           ;N;1990/11/04 00:00:00.000;steve0@adventure-works.com                        ;712-555-0170             ;M;Production                                        
179;Suchitra                                          ;O                                                 ;Mohan                                             ;N;1987/01/08 00:00:00.000;suchitra0@adventure-works.com                     ;753-555-0129             ;F;Production                                        
180;Karen                                             ;A                                                 ;Berg                                              ;N;1977/12/17 00:00:00.000;karen1@adventure-works.com                        ;654-555-0177             ;F;Information Services                              
181;Terrence                                          ;W                                                 ;Earls                                             ;N;1984/07/08 00:00:00.000;terrence0@adventure-works.com                     ;110-555-0115             ;M;Production                                        
182;Barbara                                           ;C                                                 ;Moreland                                          ;N;1975/08/04 00:00:00.000;barbara1@adventure-works.com                      ;822-555-0145             ;F;Finance                                           
183;Chad                                              ;W                                                 ;Niswonger                                         ;N;1990/03/04 00:00:00.000;chad0@adventure-works.com                         ;559-555-0175             ;M;Production                                        
184;Rostislav                                         ;E                                                 ;Shabalin                                          ;N;1977/04/13 00:00:00.000;rostislav0@adventure-works.com                    ;751-555-0134             ;M;Production                                        
185;Belinda                                           ;M                                                 ;Newman                                            ;N;1974/10/15 00:00:00.000;belinda0@adventure-works.com                      ;319-555-0126             ;F;Production                                        
186;Katie                                             ;L                                                 ;McAskill-White                                    ;N;1984/06/18 00:00:00.000;katie0@adventure-works.com                        ;809-555-0133             ;F;Production                                        
187;Russell                                           ;M                                                 ;King                                              ;N;1981/09/11 00:00:00.000;russell1@adventure-works.com                      ;517-555-0122             ;M;Production                                        
188;Jack                                              ;S                                                 ;Richins                                           ;N;1983/01/20 00:00:00.000;jack0@adventure-works.com                         ;552-555-0111             ;M;Production                                        
189;Andrew                                            ;R                                                 ;Hill                                              ;N;1988/04/06 00:00:00.000;andrew0@adventure-works.com                       ;908-555-0159             ;M;Production                                        
190;Nicole                                            ;B                                                 ;Holliday                                          ;N;1985/11/07 00:00:00.000;nicole0@adventure-works.com                       ;508-555-0129             ;F;Production                                        
191;Frank                                             ;T                                                 ;Miller                                            ;N;1971/02/21 00:00:00.000;frank1@adventure-works.com                        ;167-555-0139             ;M;Production                                        
192;Peter                                             ;I                                                 ;Connelly                                          ;N;1979/12/27 00:00:00.000;peter1@adventure-works.com                        ;310-555-0133             ;M;Information Services                              
193;Anibal                                            ;T                                                 ;Sousa                                             ;N;1974/04/05 00:00:00.000;anibal0@adventure-works.com                       ;106-555-0120             ;F;Production                                        
194;Ken                                               ;L                                                 ;Myer                                              ;N;1980/12/26 00:00:00.000;ken1@adventure-works.com                          ;949-555-0174             ;M;Production                                        
195;Grant                                             ;N                                                 ;Culbertson                                        ;N;1975/11/15 00:00:00.000;grant0@adventure-works.com                        ;955-555-0131             ;M;Human Resources                                   
196;Michael                                           ;T                                                 ;Entin                                             ;N;1989/01/13 00:00:00.000;michael4@adventure-works.com                      ;817-555-0186             ;M;Production                                        
197;Lionel                                            ;C                                                 ;Penuchot                                          ;N;1987/10/13 00:00:00.000;lionel0@adventure-works.com                       ;450-555-0152             ;M;Production                                        
198;Thomas                                            ;R                                                 ;Michaels                                          ;N;1985/08/10 00:00:00.000;thomas0@adventure-works.com                       ;278-555-0118             ;M;Production                                        
199;Jimmy                                             ;T                                                 ;Bischoff                                          ;N;1990/06/01 00:00:00.000;jimmy0@adventure-works.com                        ;927-555-0168             ;M;Shipping and Receiving                            
200;Michael                                           ;T                                                 ;Vanderhyde                                        ;N;1982/04/18 00:00:00.000;michael5@adventure-works.com                      ;296-555-0121             ;M;Production                                        
201;Lori                                              ;A                                                 ;Kane                                              ;N;1980/02/16 00:00:00.000;lori0@adventure-works.com                         ;289-555-0196             ;F;Production                                        
202;Arvind                                            ;B                                                 ;Rao                                               ;N;1974/03/21 00:00:00.000;arvind0@adventure-works.com                       ;848-555-0163             ;M;Purchasing                                        
203;Stefen                                            ;A                                                 ;Hesse                                             ;N;1975/07/21 00:00:00.000;stefen0@adventure-works.com                       ;165-555-0113             ;M;Production                                        
204;Hazem                                             ;E                                                 ;Abolrous                                          ;N;1977/05/26 00:00:00.000;hazem0@adventure-works.com                        ;869-555-0125             ;M;Quality Assurance                                 
205;Janet                                             ;L                                                 ;Sheperdigian                                      ;N;1978/10/07 00:00:00.000;janet0@adventure-works.com                        ;393-555-0186             ;F;Finance                                           
206;Elizabeth                                         ;I                                                 ;Keyser                                            ;N;1989/08/25 00:00:00.000;elizabeth0@adventure-works.com                    ;318-555-0137             ;F;Production                                        
207;Terry                                             ;J                                                 ;Eminhizer                                         ;N;1985/09/04 00:00:00.000;terry0@adventure-works.com                        ;138-555-0118             ;M;Marketing                                         
208;John                                              ;N                                                 ;Frum                                              ;N;1981/10/22 00:00:00.000;john3@adventure-works.com                         ;663-555-0172             ;M;Production                                        
209;Merav                                             ;A                                                 ;Netz                                              ;N;1982/12/11 00:00:00.000;merav0@adventure-works.com                        ;224-555-0187             ;F;Production                                        
210;Brian                                             ;P                                                 ;LaMee                                             ;N;1984/03/11 00:00:00.000;brian1@adventure-works.com                        ;313-555-0196             ;M;Production Control                                
211;Kitti                                             ;H                                                 ;Lertpiriyasuwat                                   ;N;1987/01/04 00:00:00.000;kitti0@adventure-works.com                        ;785-555-0132             ;F;Production                                        
212;Jay                                               ;G                                                 ;Adams                                             ;N;1975/09/11 00:00:00.000;jay0@adventure-works.com                          ;407-555-0165             ;M;Production                                        
213;Jan                                               ;S                                                 ;Miksovsky                                         ;N;1974/06/15 00:00:00.000;jan0@adventure-works.com                          ;139-555-0131             ;M;Production                                        
214;Brenda                                            ;M                                                 ;Diaz                                              ;N;1982/09/28 00:00:00.000;brenda0@adventure-works.com                       ;142-555-0139             ;F;Production                                        
215;Andrew                                            ;M                                                 ;Cencini                                           ;N;1988/04/24 00:00:00.000;andrew1@adventure-works.com                       ;207-555-0192             ;M;Production                                        
216;Chris                                             ;K                                                 ;Norred                                            ;N;1986/12/24 00:00:00.000;chris1@adventure-works.com                        ;575-555-0126             ;M;Document Control                                  
217;Chris                                             ;O                                                 ;Okelberry                                         ;N;1986/03/07 00:00:00.000;chris2@adventure-works.com                        ;315-555-0144             ;M;Production                                        
218;Shelley                                           ;N                                                 ;Dyck                                              ;N;1986/07/08 00:00:00.000;shelley0@adventure-works.com                      ;991-555-0184             ;F;Production                                        
219;Gabe                                              ;B                                                 ;Mares                                             ;N;1987/12/09 00:00:00.000;gabe0@adventure-works.com                         ;310-555-0117             ;M;Production                                        
220;Mike                                              ;K                                                 ;Seamans                                           ;N;1979/01/29 00:00:00.000;mike0@adventure-works.com                         ;927-555-0150             ;M;Finance                                           
221;Michael                                           ;                                                  ;Raheem                                            ;N;1984/06/30 00:00:00.000;michael6@adventure-works.com                      ;330-555-2568             ;M;Research and Development                          
222;Gary                                              ;E.                                                ;Altman                                            ;N;1970/09/18 00:00:00.000;gary1@adventure-works.com                         ;110-555-0112             ;M;Facilities and Maintenance                        
223;Charles                                           ;B                                                 ;Fitzgerald                                        ;N;1971/04/02 00:00:00.000;charles0@adventure-works.com                      ;931-555-0118             ;M;Production                                        
224;Ebru                                              ;N                                                 ;Ersan                                             ;N;1986/04/22 00:00:00.000;ebru0@adventure-works.com                         ;202-555-0187             ;M;Production                                        
225;Sylvester                                         ;A                                                 ;Valdez                                            ;N;1970/06/12 00:00:00.000;sylvester0@adventure-works.com                    ;492-555-0174             ;M;Production                                        
226;Brian                                             ;Richard                                           ;Goldstein                                         ;N;1970/07/23 00:00:00.000;brian2@adventure-works.com                        ;730-555-0117             ;M;Production                                        
227;Linda                                             ;P                                                 ;Meisner                                           ;N;1970/06/30 00:00:00.000;linda2@adventure-works.com                        ;916-555-0165             ;F;Purchasing                                        
228;Betsy                                             ;A                                                 ;Stadick                                           ;N;1942/07/17 00:00:00.000;betsy0@adventure-works.com                        ;405-555-0171             ;F;Production                                        
229;Magnus                                            ;E                                                 ;Hedlund                                           ;N;1971/03/27 00:00:00.000;magnus0@adventure-works.com                       ;583-555-0182             ;M;Facilities and Maintenance                        
230;Karan                                             ;R                                                 ;Khanna                                            ;N;1969/10/05 00:00:00.000;karan0@adventure-works.com                        ;447-555-0186             ;M;Production                                        
231;Mary                                              ;R                                                 ;Baker                                             ;N;1986/04/19 00:00:00.000;mary1@adventure-works.com                         ;283-555-0185             ;F;Production                                        
232;Kevin                                             ;M                                                 ;Homer                                             ;N;1986/04/19 00:00:00.000;kevin2@adventure-works.com                        ;555-555-0113             ;M;Production                                        
233;Mihail                                            ;U                                                 ;Frintu                                            ;N;1970/10/07 00:00:00.000;mihail0@adventure-works.com                       ;733-555-0128             ;M;Production                                        
234;Bonnie                                            ;N                                                 ;Kearney                                           ;N;1986/04/10 00:00:00.000;bonnie0@adventure-works.com                       ;264-555-0150             ;F;Production                                        
235;Fukiko                                            ;J                                                 ;Ogisu                                             ;N;1970/06/24 00:00:00.000;fukiko0@adventure-works.com                       ;520-555-0177             ;M;Purchasing                                        
236;Hung-Fu                                           ;T                                                 ;Ting                                              ;N;1971/05/23 00:00:00.000;hung-fu0@adventure-works.com                      ;497-555-0181             ;M;Production                                        
237;Gordon                                            ;L                                                 ;Hee                                               ;N;1942/06/29 00:00:00.000;gordon0@adventure-works.com                       ;230-555-0144             ;M;Purchasing                                        
238;Kimberly                                          ;B                                                 ;Zimmerman                                         ;N;1986/04/13 00:00:00.000;kimberly0@adventure-works.com                     ;123-555-0167             ;F;Production                                        
239;Kim                                               ;B                                                 ;Abercrombie                                       ;N;1942/07/14 00:00:00.000;kim1@adventure-works.com                          ;208-555-0114             ;F;Production                                        
240;Sandeep                                           ;P                                                 ;Kaliyath                                          ;N;1970/07/03 00:00:00.000;sandeep0@adventure-works.com                      ;166-555-0156             ;M;Production                                        
241;Prasanna                                          ;E                                                 ;Samarawickrama                                    ;N;1952/11/28 00:00:00.000;prasanna0@adventure-works.com                     ;129-555-0199             ;M;Production                                        
242;Frank                                             ;S                                                 ;Pellow                                            ;N;1951/12/11 00:00:00.000;frank2@adventure-works.com                        ;163-555-0147             ;M;Purchasing                                        
243;Min                                               ;G                                                 ;Su                                                ;N;1974/04/10 00:00:00.000;min0@adventure-works.com                          ;590-555-0152             ;M;Production                                        
244;Eric                                              ;L                                                 ;Brown                                             ;N;1942/07/08 00:00:00.000;eric1@adventure-works.com                         ;680-555-0118             ;M;Production                                        
245;Eric                                              ;S                                                 ;Kurjan                                            ;N;1972/04/17 00:00:00.000;eric2@adventure-works.com                         ;265-555-0195             ;M;Purchasing                                        
246;Pat                                               ;H                                                 ;Coleman                                           ;N;1970/07/03 00:00:00.000;pat0@adventure-works.com                          ;720-555-0158             ;M;Facilities and Maintenance                        
247;Maciej                                            ;W                                                 ;Dusza                                             ;N;1954/08/30 00:00:00.000;maciej0@adventure-works.com                       ;237-555-0128             ;M;Production                                        
248;Erin                                              ;M                                                 ;Hagens                                            ;N;1970/08/04 00:00:00.000;erin0@adventure-works.com                         ;842-555-0158             ;F;Purchasing                                        
249;Patrick                                           ;C                                                 ;Wedge                                             ;N;1986/04/10 00:00:00.000;patrick0@adventure-works.com                      ;413-555-0124             ;M;Production                                        
250;Frank                                             ;R                                                 ;Martinez                                          ;N;1951/10/01 00:00:00.000;frank3@adventure-works.com                        ;203-555-0196             ;M;Production                                        
251;Ed                                                ;R                                                 ;Dudenhoefer                                       ;N;1971/04/11 00:00:00.000;ed0@adventure-works.com                           ;919-555-0140             ;M;Production                                        
252;Christopher                                       ;E                                                 ;Hill                                              ;N;1986/05/01 00:00:00.000;christopher0@adventure-works.com                  ;153-555-0166             ;M;Production                                        
253;Patrick                                           ;M                                                 ;Cook                                              ;N;1973/07/23 00:00:00.000;patrick1@adventure-works.com                      ;425-555-0117             ;M;Production                                        
254;Krishna                                           ;                                                  ;Sunkammurali                                      ;N;1971/04/05 00:00:00.000;krishna0@adventure-works.com                      ;491-555-0183             ;M;Production                                        
255;Lori                                              ;K                                                 ;Penor                                             ;N;1970/02/28 00:00:00.000;lori1@adventure-works.com                         ;295-555-0161             ;F;Facilities and Maintenance                        
256;Danielle                                          ;C                                                 ;Tiedt                                             ;N;1986/04/07 00:00:00.000;danielle0@adventure-works.com                     ;500-555-0172             ;F;Production                                        
257;Sootha                                            ;T                                                 ;Charncherngkha                                    ;N;1942/07/05 00:00:00.000;sootha0@adventure-works.com                       ;325-555-0137             ;M;Quality Assurance                                 
258;Michael                                           ;J                                                 ;Zwilling                                          ;N;1973/04/05 00:00:00.000;michael7@adventure-works.com                      ;582-555-0148             ;M;Production                                        
259;Randy                                             ;T                                                 ;Reeves                                            ;N;1969/11/26 00:00:00.000;randy0@adventure-works.com                        ;961-555-0122             ;M;Production                                        
260;John                                              ;T                                                 ;Kane                                              ;N;1986/04/28 00:00:00.000;john4@adventure-works.com                         ;254-555-0114             ;M;Production                                        
261;Jack                                              ;T                                                 ;Creasey                                           ;N;1973/03/29 00:00:00.000;jack1@adventure-works.com                         ;521-555-0113             ;M;Production                                        
262;Olinda                                            ;C                                                 ;Turner                                            ;N;1969/11/02 00:00:00.000;olinda0@adventure-works.com                       ;306-555-0186             ;F;Production                                        
263;Stuart                                            ;J                                                 ;Macrae                                            ;N;1971/07/17 00:00:00.000;stuart1@adventure-works.com                       ;539-555-0149             ;M;Facilities and Maintenance                        
264;Jo                                                ;L                                                 ;Berry                                             ;N;1953/11/22 00:00:00.000;jo1@adventure-works.com                           ;228-555-0159             ;F;Facilities and Maintenance                        
265;Ben                                               ;T                                                 ;Miller                                            ;N;1973/01/01 00:00:00.000;ben0@adventure-works.com                          ;151-555-0113             ;M;Purchasing                                        
266;Tom                                               ;M                                                 ;Vande Velde                                       ;N;1986/05/01 00:00:00.000;tom0@adventure-works.com                          ;295-555-0161             ;M;Production                                        
267;Ovidiu                                            ;V                                                 ;Cracium                                           ;N;1977/08/17 00:00:00.000;ovidiu0@adventure-works.com                       ;719-555-0181             ;M;Tool Design                                       
268;Annette                                           ;L                                                 ;Hill                                              ;N;1977/08/29 00:00:00.000;annette0@adventure-works.com                      ;125-555-0196             ;F;Purchasing                                        
269;Janice                                            ;M                                                 ;Galvin                                            ;N;1988/12/26 00:00:00.000;janice0@adventure-works.com                       ;473-555-0117             ;F;Tool Design                                       
270;Reinout                                           ;N                                                 ;Hillmann                                          ;N;1977/08/17 00:00:00.000;reinout0@adventure-works.com                      ;370-555-0163             ;M;Purchasing                                        
271;Michael                                           ;I                                                 ;Sullivan                                          ;N;1979/01/14 00:00:00.000;michael8@adventure-works.com                      ;465-555-0156             ;M;Engineering                                       
272;Stephen                                           ;Y                                                 ;Jiang                                             ;N;1951/05/17 00:00:00.000;stephen0@adventure-works.com                      ;238-555-0197             ;M;Sales                                             
273;Wanida                                            ;M                                                 ;Benshoof                                          ;N;1974/10/15 00:00:00.000;wanida0@adventure-works.com                       ;708-555-0141             ;F;Marketing                                         
274;Sharon                                            ;B                                                 ;Salavaria                                         ;N;1960/11/30 00:00:00.000;sharon0@adventure-works.com                       ;970-555-0138             ;F;Engineering                                       
275;John                                              ;L                                                 ;Wood                                              ;N;1977/10/04 00:00:00.000;john5@adventure-works.com                         ;486-555-0150             ;M;Marketing                                         
276;Mary                                              ;A                                                 ;Dempsey                                           ;N;1977/08/29 00:00:00.000;mary2@adventure-works.com                         ;124-555-0114             ;F;Marketing                                         
277;Brian                                             ;S                                                 ;Welcker                                           ;N;1977/01/04 00:00:00.000;brian3@adventure-works.com                        ;716-555-0127             ;M;Sales                                             
278;Sheela                                            ;H                                                 ;Word                                              ;N;1977/09/10 00:00:00.000;sheela0@adventure-works.com                       ;210-555-0193             ;F;Purchasing                                        
279;Sheela                                            ;H                                                 ;Word                                              ;N;1977/09/10 00:00:00.000;sheela0@adventure-works.com                       ;210-555-0193             ;F;Purchasing                                        
280;Sheela                                            ;H                                                 ;Word                                              ;N;1977/09/10 00:00:00.000;sheela0@adventure-works.com                       ;210-555-0193             ;F;Purchasing                                        
281;Michael                                           ;G                                                 ;Blythe                                            ;N;1968/07/25 00:00:00.000;michael9@adventure-works.com                      ;257-555-0154             ;M;Sales                                             
282;Linda                                             ;C                                                 ;Mitchell                                          ;N;1979/09/27 00:00:00.000;linda3@adventure-works.com                        ;883-555-0116             ;F;Sales                                             
283;Jillian                                           ;                                                  ;Carson                                            ;N;1962/03/29 00:00:00.000;jillian0@adventure-works.com                      ;517-555-0117             ;F;Sales                                             
284;Garrett                                           ;R                                                 ;Vargas                                            ;N;1974/09/04 00:00:00.000;garrett1@adventure-works.com                      ;922-555-0165             ;M;Sales                                             
285;Tsvi                                              ;Michael                                           ;Reiter                                            ;N;1973/08/18 00:00:00.000;tsvi0@adventure-works.com                         ;664-555-0112             ;M;Sales                                             
286;Pamela                                            ;O                                                 ;Ansman-Wolfe                                      ;N;1974/07/06 00:00:00.000;pamela0@adventure-works.com                       ;340-555-0193             ;F;Sales                                             
287;Shu                                               ;K                                                 ;Ito                                               ;N;1943/10/08 00:00:00.000;shu0@adventure-works.com                          ;330-555-0120             ;M;Sales                                             
288;José                                              ;Edvaldo                                           ;Saraiva                                           ;N;1939/07/11 00:00:00.000;josé1@adventure-works.com                         ;185-555-0169             ;M;Sales                                             
289;David                                             ;R                                                 ;Campbell                                          ;N;1973/09/11 00:00:00.000;david8@adventure-works.com                        ;740-555-0182             ;M;Sales                                             
290;Amy                                               ;E                                                 ;Alberts                                           ;N;1957/04/20 00:00:00.000;amy0@adventure-works.com                          ;775-555-0164             ;F;Sales                                             
291;Jae                                               ;B                                                 ;Pak                                               ;N;1967/10/16 00:00:00.000;jae0@adventure-works.com                          ;1 (11) 500 555-0145      ;F;Sales                                             
292;Ranjit                                            ;R                                                 ;Varkey Chudukatil                                 ;N;1975/04/30 00:00:00.000;ranjit0@adventure-works.com                       ;1 (11) 500 555-0117      ;M;Sales                                             
293;Tete                                              ;A                                                 ;Mensa-Annan                                       ;N;1977/08/05 00:00:00.000;tete0@adventure-works.com                         ;615-555-0153             ;M;Sales                                             
294;Syed                                              ;E                                                 ;Abbas                                             ;N;1974/08/11 00:00:00.000;syed0@adventure-works.com                         ;926-555-0182             ;M;Sales                                             
295;Rachel                                            ;B                                                 ;Valdez                                            ;N;1975/02/06 00:00:00.000;rachel0@adventure-works.com                       ;1 (11) 500 555-0140      ;F;Sales                                             
296;Lynn                                              ;N                                                 ;Tsoflias                                          ;N;1970/10/16 00:00:00.000;lynn0@adventure-works.com                         ;1 (11) 500 555-0190      ;F;Sales                                             
